epoch,accuracy,loss,val_accuracy,val_loss
0,0.3737500011920929,1.7487372159957886,0.421875,1.5056227445602417
